ペア,総合score,長期_score,長期_PF,長期_勝率,長期_N,短期_score,短期_PF,短期_勝率,短期_N,本数,コスト,金利差pt,政策方向差,ファンダ方向,テク方向,ファンダ整合,ドル指数相関60,VIX相関60,ファンダ注記
米ドル/円,1.74,2.02,2.07,45.5,88,1.47,1.53,46.0,278,3907,スプ0.2銭+滑り(公式確認済),2.62,0.0,買い,売り,中立,0.69,0.44,円介入警戒で買い方向の追い風は割引
フラン/円,1.14,1.15,1.21,37.4,91,1.12,1.15,37.5,269,3909,スプ1.8銭想定+滑り,-1.25,-0.5,売り,売り,追い風,0.2,0.29,
ユーロ/円,1.05,1.12,1.41,45.1,91,0.98,1.16,38.9,296,3909,スプ0.4銭+滑り(公式確認済),1.25,0.0,買い,売り,中立,0.27,0.39,円介入警戒で買い方向の追い風は割引
豪ドル/円,1.01,0.93,1.03,33.0,109,1.08,1.16,37.2,301,3910,スプ0.6銭想定+滑り,3.35,0.0,買い,売り,中立,0.31,0.12,円介入警戒で買い方向の追い風は割引
加ドル/円,0.96,1.02,1.06,42.3,111,0.89,1.08,33.4,308,3909,スプ1.6銭想定+滑り,1.0,-0.5,中立,売り,中立,0.41,0.41,
NZドル/円,0.9,0.81,0.87,37.5,112,0.99,1.07,36.6,295,3908,スプ1.0銭想定+滑り,1.5,0.0,買い,売り,中立,0.14,0.15,円介入警戒で買い方向の追い風は割引
ユーロ/ドル,0.73,0.59,0.98,32.7,110,0.87,1.03,33.5,284,3906,スプ0.4p想定+滑り,-1.38,0.0,売り,売り,追い風,-0.93,-0.21,
ポンド/円,0.72,0.65,0.86,32.7,104,0.78,0.96,36.2,304,3908,スプ0.9銭+滑り(公式確認済),2.5,0.0,買い,売り,中立,0.31,0.37,円介入警戒で買い方向の追い風は割引
ポンド/ドル,0.69,0.54,0.69,33.9,115,0.84,0.98,36.0,300,3907,スプ1.0p想定+滑り,-0.12,0.0,中立,売り,中立,-0.82,-0.23,金利差ほぼ無し=ファンダ材料薄
豪ドル/ドル,0.64,0.57,0.7,29.5,112,0.7,0.85,36.3,300,3906,スプ0.6p想定+滑り,0.72,0.0,買い,中立,中立,-0.64,-0.51,
ユーロ/ポンド,0.64,0.57,0.76,33.0,97,0.71,0.86,35.6,298,3909,スプ1.0p想定+滑り,-1.25,0.0,売り,売り,追い風,-0.13,0.04,
